anchor,radiative_case,planet,T_K,T_C,escape_velocity_km_s,gas,molecular_mass_amu,jeans_lambda,retention_class
mars_cold,Blackbody Ideal,Earth-like,225.7412324149625,-47.40876758503748,11.184982503114451,H2,2.016,67.18712742628408,retenção plausível
mars_cold,Blackbody Ideal,Earth-like,225.7412324149625,-47.40876758503748,11.184982503114451,He,4.003,133.40777335685277,retenção plausível
mars_cold,Blackbody Ideal,Earth-like,225.7412324149625,-47.40876758503748,11.184982503114451,CH4,16.04,534.5642479749982,retenção plausível
mars_cold,Blackbody Ideal,Earth-like,225.7412324149625,-47.40876758503748,11.184982503114451,NH3,17.03,567.5579266218342,retenção plausível
mars_cold,Blackbody Ideal,Earth-like,225.7412324149625,-47.40876758503748,11.184982503114451,H2O,18.015,600.3849705280296,retenção plausível
mars_cold,Blackbody Ideal,Earth-like,225.7412324149625,-47.40876758503748,11.184982503114451,N2,28.014,933.6211248610724,retenção plausível
mars_cold,Blackbody Ideal,Earth-like,225.7412324149625,-47.40876758503748,11.184982503114451,CO,28.01,933.48781706856,retenção plausível
mars_cold,Blackbody Ideal,Earth-like,225.7412324149625,-47.40876758503748,11.184982503114451,O2,31.998,1066.3956862034909,retenção plausível
mars_cold,Blackbody Ideal,Earth-like,225.7412324149625,-47.40876758503748,11.184982503114451,H2S,34.08,1135.7823922062305,retenção plausível
mars_cold,Blackbody Ideal,Earth-like,225.7412324149625,-47.40876758503748,11.184982503114451,CO2,44.01,1466.7189871184335,retenção plausível
mars_cold,Blackbody Ideal,Earth-like,225.7412324149625,-47.40876758503748,11.184982503114451,SO2,64.07,2135.257566568462,retenção plausível
mars_cold,earth_effective_temperature,Earth-like,206.03962905430117,-67.11037094569883,11.184982503114451,H2,2.016,73.61159121303456,retenção plausível
mars_cold,earth_effective_temperature,Earth-like,206.03962905430117,-67.11037094569883,11.184982503114451,He,4.003,146.1642855286594,retenção plausível
mars_cold,earth_effective_temperature,Earth-like,206.03962905430117,-67.11037094569883,11.184982503114451,CH4,16.04,585.6795253259296,retenção plausível
mars_cold,earth_effective_temperature,Earth-like,206.03962905430117,-67.11037094569883,11.184982503114451,NH3,17.03,621.8280745823306,retenção plausível
mars_cold,earth_effective_temperature,Earth-like,206.03962905430117,-67.11037094569883,11.184982503114451,H2O,18.015,657.7940554081437,retenção plausível
mars_cold,earth_effective_temperature,Earth-like,206.03962905430117,-67.11037094569883,11.184982503114451,N2,28.014,1022.8944028977926,retenção plausível
mars_cold,earth_effective_temperature,Earth-like,206.03962905430117,-67.11037094569883,11.184982503114451,CO,28.01,1022.7483481533224,retenção plausível
mars_cold,earth_effective_temperature,Earth-like,206.03962905430117,-67.11037094569883,11.184982503114451,O2,31.998,1168.364928390218,retenção plausível
mars_cold,earth_effective_temperature,Earth-like,206.03962905430117,-67.11037094569883,11.184982503114451,H2S,34.08,1244.3864228870125,retenção plausível
mars_cold,earth_effective_temperature,Earth-like,206.03962905430117,-67.11037094569883,11.184982503114451,CO2,44.01,1606.967326034549,retenção plausível
mars_cold,earth_effective_temperature,Earth-like,206.03962905430117,-67.11037094569883,11.184982503114451,SO2,64.07,2339.4318695531365,retenção plausível
mars_cold,earth_surface_greenhouse_effective,Earth-like,233.14080976658707,-40.00919023341291,11.184982503114451,H2,2.016,65.05469790044523,retenção plausível
mars_cold,earth_surface_greenhouse_effective,Earth-like,233.14080976658707,-40.00919023341291,11.184982503114451,He,4.003,129.17358913466384,retenção plausível
mars_cold,earth_surface_greenhouse_effective,Earth-like,233.14080976658707,-40.00919023341291,11.184982503114451,CH4,16.04,517.5978940094948,retenção plausível
mars_cold,earth_surface_greenhouse_effective,Earth-like,233.14080976658707,-40.00919023341291,11.184982503114451,NH3,17.03,549.5443974427492,retenção plausível
mars_cold,earth_surface_greenhouse_effective,Earth-like,233.14080976658707,-40.00919023341291,11.184982503114451,H2O,18.015,581.329554899068,retenção plausível
mars_cold,earth_surface_greenhouse_effective,Earth-like,233.14080976658707,-40.00919023341291,11.184982503114451,N2,28.014,903.989239574937,retenção plausível
mars_cold,earth_surface_greenhouse_effective,Earth-like,233.14080976658707,-40.00919023341291,11.184982503114451,CO,28.01,903.8601627933884,retenção plausível
mars_cold,earth_surface_greenhouse_effective,Earth-like,233.14080976658707,-40.00919023341291,11.184982503114451,O2,31.998,1032.5497139972454,retenção plausível
mars_cold,earth_surface_greenhouse_effective,Earth-like,233.14080976658707,-40.00919023341291,11.184982503114451,H2S,34.08,1099.7341787932407,retenção plausível
mars_cold,earth_surface_greenhouse_effective,Earth-like,233.14080976658707,-40.00919023341291,11.184982503114451,CO2,44.01,1420.1672889873983,retenção plausível
mars_cold,earth_surface_greenhouse_effective,Earth-like,233.14080976658707,-40.00919023341291,11.184982503114451,SO2,64.07,2067.4873484531377,retenção plausível
mars_cold,mars_like_radiative_case,Mars-like,212.7871051306364,-60.3628948693636,5.027887186236593,H2,2.016,14.402971119386333,retenção frágil
mars_cold,mars_like_radiative_case,Mars-like,212.7871051306364,-60.3628948693636,5.027887186236593,He,4.003,28.598756642313244,retenção moderada
mars_cold,mars_like_radiative_case,Mars-like,212.7871051306364,-60.3628948693636,5.027887186236593,CH4,16.04,114.59506783479998,retenção plausível
mars_cold,mars_like_radiative_case,Mars-like,212.7871051306364,-60.3628948693636,5.027887186236593,NH3,17.03,121.66795543807007,retenção plausível
mars_cold,mars_like_radiative_case,Mars-like,212.7871051306364,-60.3628948693636,5.027887186236593,H2O,18.015,128.7051213867782,retenção plausível
mars_cold,mars_like_radiative_case,Mars-like,212.7871051306364,-60.3628948693636,5.027887186236593,N2,28.014,200.14128617980592,retenção plausível
mars_cold,mars_like_radiative_case,Mars-like,212.7871051306364,-60.3628948693636,5.027887186236593,CO,28.01,200.11270885615636,retenção plausível
mars_cold,mars_like_radiative_case,Mars-like,212.7871051306364,-60.3628948693636,5.027887186236593,O2,31.998,228.60430053478368,retenção plausível
mars_cold,mars_like_radiative_case,Mars-like,212.7871051306364,-60.3628948693636,5.027887186236593,H2S,34.08,243.478797494388,retenção plausível
mars_cold,mars_like_radiative_case,Mars-like,212.7871051306364,-60.3628948693636,5.027887186236593,CO2,44.01,314.4220034544606,retenção plausível
mars_cold,mars_like_radiative_case,Mars-like,212.7871051306364,-60.3628948693636,5.027887186236593,SO2,64.07,457.7372815570845,retenção plausível
mars_cold,venus_greenhouse_effective,Venus-like,469.8643663935213,196.71436639352132,10.360937957550536,H2,2.016,27.698227810054583,retenção moderada
mars_cold,venus_greenhouse_effective,Venus-like,469.8643663935213,196.71436639352132,10.360937957550536,He,4.003,54.99801881133357,retenção plausível
mars_cold,venus_greenhouse_effective,Venus-like,469.8643663935213,196.71436639352132,10.360937957550536,CH4,16.04,220.37677285380724,retenção plausível
mars_cold,venus_greenhouse_effective,Venus-like,469.8643663935213,196.71436639352132,10.360937957550536,NH3,17.03,233.97858115338764,retenção plausível
mars_cold,venus_greenhouse_effective,Venus-like,469.8643663935213,196.71436639352132,10.360937957550536,H2O,18.015,247.511693451455,retenção plausível
mars_cold,venus_greenhouse_effective,Venus-like,469.8643663935213,196.71436639352132,10.360937957550536,N2,28.014,384.88995727721675,retenção plausível
mars_cold,venus_greenhouse_effective,Venus-like,469.8643663935213,196.71436639352132,10.360937957550536,CO,28.01,384.83500047600637,retenção plausível
mars_cold,venus_greenhouse_effective,Venus-like,469.8643663935213,196.71436639352132,10.360937957550536,O2,31.998,439.6269312828008,retenção plausível
mars_cold,venus_greenhouse_effective,Venus-like,469.8643663935213,196.71436639352132,10.360937957550536,H2S,34.08,468.23194631282735,retenção plausível
mars_cold,venus_greenhouse_effective,Venus-like,469.8643663935213,196.71436639352132,10.360937957550536,CO2,44.01,604.6622053177093,retenção plausível
mars_cold,venus_greenhouse_effective,Venus-like,469.8643663935213,196.71436639352132,10.360937957550536,SO2,64.07,880.2705633879945,retenção plausível
earth,Blackbody Ideal,Earth-like,278.57667010212754,5.426670102127559,11.184982503114451,H2,2.016,54.4442754020652,retenção plausível
earth,Blackbody Ideal,Earth-like,278.57667010212754,5.426670102127559,11.184982503114451,He,4.003,108.10537422344593,retenção plausível
earth,Blackbody Ideal,Earth-like,278.57667010212754,5.426670102127559,11.184982503114451,CH4,16.04,433.177667385479,retenção plausível
earth,Blackbody Ideal,Earth-like,278.57667010212754,5.426670102127559,11.184982503114451,NH3,17.03,459.9136954847075,retenção plausível
earth,Blackbody Ideal,Earth-like,278.57667010212754,5.426670102127559,11.184982503114451,H2O,18.015,486.51469313899037,retenção plausível
earth,Blackbody Ideal,Earth-like,278.57667010212754,5.426670102127559,11.184982503114451,N2,28.014,756.5485769411976,retenção plausível
earth,Blackbody Ideal,Earth-like,278.57667010212754,5.426670102127559,11.184982503114451,CO,28.01,756.4405525852412,retenção plausível
earth,Blackbody Ideal,Earth-like,278.57667010212754,5.426670102127559,11.184982503114451,O2,31.998,864.1408354738502,retenção plausível
earth,Blackbody Ideal,Earth-like,278.57667010212754,5.426670102127559,11.184982503114451,H2S,34.08,920.3675127491972,retenção plausível
earth,Blackbody Ideal,Earth-like,278.57667010212754,5.426670102127559,11.184982503114451,CO2,44.01,1188.5379764111553,retenção plausível
earth,Blackbody Ideal,Earth-like,278.57667010212754,5.426670102127559,11.184982503114451,SO2,64.07,1730.2801215328952,retenção plausível
earth,earth_effective_temperature,Earth-like,254.26384518675272,-18.88615481324726,11.184982503114451,H2,2.016,59.650261862793144,retenção plausível
earth,earth_effective_temperature,Earth-like,254.26384518675272,-18.88615481324726,11.184982503114451,He,4.003,118.44245944283779,retenção plausível
earth,earth_effective_temperature,Earth-like,254.26384518675272,-18.88615481324726,11.184982503114451,CH4,16.04,474.5983136305565,retenção plausível
earth,earth_effective_temperature,Earth-like,254.26384518675272,-18.88615481324726,11.184982503114451,NH3,17.03,503.89085293817817,retenção plausível
earth,earth_effective_temperature,Earth-like,254.26384518675272,-18.88615481324726,11.184982503114451,H2O,18.015,533.0354501280846,retenção plausível
earth,earth_effective_temperature,Earth-like,254.26384518675272,-18.88615481324726,11.184982503114451,N2,28.014,828.890097135063,retenção plausível
earth,earth_effective_temperature,Earth-like,254.26384518675272,-18.88615481324726,11.184982503114451,CO,28.01,828.7717434408909,retenção plausível
earth,earth_effective_temperature,Earth-like,254.26384518675272,-18.88615481324726,11.184982503114451,O2,31.998,946.7703765305828,retenção plausível
earth,earth_effective_temperature,Earth-like,254.26384518675272,-18.88615481324726,11.184982503114451,H2S,34.08,1008.3734743472172,retenção plausível
earth,earth_effective_temperature,Earth-like,254.26384518675272,-18.88615481324726,11.184982503114451,CO2,44.01,1302.1865201297253,retenção plausível
earth,earth_effective_temperature,Earth-like,254.26384518675272,-18.88615481324726,11.184982503114451,SO2,64.07,1895.7302964033513,retenção plausível
earth,earth_surface_greenhouse_effective,Earth-like,287.70814155165647,14.55814155165649,11.184982503114451,H2,2.016,52.7162869491038,retenção plausível
earth,earth_surface_greenhouse_effective,Earth-like,287.70814155165647,14.55814155165649,11.184982503114451,He,4.003,104.67425429427705,retenção plausível
earth,earth_surface_greenhouse_effective,Earth-like,287.70814155165647,14.55814155165649,11.184982503114451,CH4,16.04,419.42918782917894,retenção plausível
earth,earth_surface_greenhouse_effective,Earth-like,287.70814155165647,14.55814155165649,11.184982503114451,NH3,17.03,445.31665017025676,retenção plausível
earth,earth_surface_greenhouse_effective,Earth-like,287.70814155165647,14.55814155165649,11.184982503114451,H2O,18.015,471.0733677520362,retenção plausível
earth,earth_surface_greenhouse_effective,Earth-like,287.70814155165647,14.55814155165649,11.184982503114451,N2,28.014,732.5367373969215,retenção plausível
earth,earth_surface_greenhouse_effective,Earth-like,287.70814155165647,14.55814155165649,11.184982503114451,CO,28.01,732.4321415894829,retenção plausível
earth,earth_surface_greenhouse_effective,Earth-like,287.70814155165647,14.55814155165649,11.184982503114451,O2,31.998,836.7141616058647,retenção plausível
earth,earth_surface_greenhouse_effective,Earth-like,287.70814155165647,14.55814155165649,11.184982503114451,H2S,34.08,891.1562793777068,retenção plausível
earth,earth_surface_greenhouse_effective,Earth-like,287.70814155165647,14.55814155165649,11.184982503114451,CO2,44.01,1150.8153713442748,retenção plausível
earth,earth_surface_greenhouse_effective,Earth-like,287.70814155165647,14.55814155165649,11.184982503114451,SO2,64.07,1675.363345649345,retenção plausível
earth,mars_like_radiative_case,Mars-like,262.5905890289408,-10.559410971059208,5.027887186236593,H2,2.016,11.671273296990105,retenção frágil
earth,mars_like_radiative_case,Mars-like,262.5905890289408,-10.559410971059208,5.027887186236593,He,4.003,23.17465625389454,retenção moderada
earth,mars_like_radiative_case,Mars-like,262.5905890289408,-10.559410971059208,5.027887186236593,CH4,16.04,92.86072603359189,retenção plausível
earth,mars_like_radiative_case,Mars-like,262.5905890289408,-10.559410971059208,5.027887186236593,NH3,17.03,98.59215488479241,retenção plausível
earth,mars_like_radiative_case,Mars-like,262.5905890289408,-10.559410971059208,5.027887186236593,H2O,18.015,104.2946371256333,retenção plausível
earth,mars_like_radiative_case,Mars-like,262.5905890289408,-10.559410971059208,5.027887186236593,N2,28.014,162.18206852275833,retenção plausível
earth,mars_like_radiative_case,Mars-like,262.5905890289408,-10.559410971059208,5.027887186236593,CO,28.01,162.15891123447065,retenção plausível
earth,mars_like_radiative_case,Mars-like,262.5905890289408,-10.559410971059208,5.027887186236593,O2,31.998,185.24672765728639,retenção plausível
earth,mars_like_radiative_case,Mars-like,262.5905890289408,-10.559410971059208,5.027887186236593,H2S,34.08,197.30009621102317,retenção plausível
earth,mars_like_radiative_case,Mars-like,262.5905890289408,-10.559410971059208,5.027887186236593,CO2,44.01,254.78806438518575,retenção plausível
earth,mars_like_radiative_case,Mars-like,262.5905890289408,-10.559410971059208,5.027887186236593,SO2,64.07,370.9218651478948,retenção plausível
earth,venus_greenhouse_effective,Venus-like,579.8375830116065,306.68758301160653,10.360937957550536,H2,2.016,22.444923615677737,retenção moderada
earth,venus_greenhouse_effective,Venus-like,579.8375830116065,306.68758301160653,10.360937957550536,He,4.003,44.5669787864871,retenção plausível
earth,venus_greenhouse_effective,Venus-like,579.8375830116065,306.68758301160653,10.360937957550536,CH4,16.04,178.57965019616609,retenção plausível
earth,venus_greenhouse_effective,Venus-like,579.8375830116065,306.68758301160653,10.360937957550536,NH3,17.03,189.60171090029357,retenção plausível
earth,venus_greenhouse_effective,Venus-like,579.8375830116065,306.68758301160653,10.360937957550536,H2O,18.015,200.5681046311679,retenção plausível
earth,venus_greenhouse_effective,Venus-like,579.8375830116065,306.68758301160653,10.360937957550536,N2,28.014,311.89091774285527,retenção plausível
earth,venus_greenhouse_effective,Venus-like,579.8375830116065,306.68758301160653,10.360937957550536,CO,28.01,311.8463841642527,retenção plausível
earth,venus_greenhouse_effective,Venus-like,579.8375830116065,306.68758301160653,10.360937957550536,O2,31.998,356.24636203098026,retenção plausível
earth,venus_greenhouse_effective,Venus-like,579.8375830116065,306.68758301160653,10.360937957550536,H2S,34.08,379.4260896935998,retenção plausível
earth,venus_greenhouse_effective,Venus-like,579.8375830116065,306.68758301160653,10.360937957550536,CO2,44.01,489.9806985743935,retenção plausível
earth,venus_greenhouse_effective,Venus-like,579.8375830116065,306.68758301160653,10.360937957550536,SO2,64.07,713.3165952661075,retenção plausível
venus_hot,Blackbody Ideal,Earth-like,327.55466272083544,54.40466272083546,11.184982503114451,H2,2.016,46.30343168265864,retenção plausível
venus_hot,Blackbody Ideal,Earth-like,327.55466272083544,54.40466272083546,11.184982503114451,He,4.003,91.94079217543776,retenção plausível
venus_hot,Blackbody Ideal,Earth-like,327.55466272083544,54.40466272083546,11.184982503114451,CH4,16.04,368.4062719195657,retenção plausível
venus_hot,Blackbody Ideal,Earth-like,327.55466272083544,54.40466272083546,11.184982503114451,NH3,17.03,391.14456426372845,retenção plausível
venus_hot,Blackbody Ideal,Earth-like,327.55466272083544,54.40466272083546,11.184982503114451,H2O,18.015,413.7680167475672,retenção plausível
venus_hot,Blackbody Ideal,Earth-like,327.55466272083544,54.40466272083546,11.184982503114451,N2,28.014,643.4247694236107,retenção plausível
venus_hot,Blackbody Ideal,Earth-like,327.55466272083544,54.40466272083546,11.184982503114451,CO,28.01,643.3328975353514,retenção plausível
venus_hot,Blackbody Ideal,Earth-like,327.55466272083544,54.40466272083546,11.184982503114451,O2,31.998,734.929170129817,retenção plausível
venus_hot,Blackbody Ideal,Earth-like,327.55466272083544,54.40466272083546,11.184982503114451,H2S,34.08,782.7484879687529,retenção plausível
venus_hot,Blackbody Ideal,Earth-like,327.55466272083544,54.40466272083546,11.184982503114451,CO2,44.01,1010.8204505723246,retenção plausível
venus_hot,Blackbody Ideal,Earth-like,327.55466272083544,54.40466272083546,11.184982503114451,SO2,64.07,1471.5579701924298,retenção plausível
venus_hot,earth_effective_temperature,Earth-like,298.96727540650375,25.817275406503768,11.184982503114451,H2,2.016,50.73098695169282,retenção plausível
venus_hot,earth_effective_temperature,Earth-like,298.96727540650375,25.817275406503768,11.184982503114451,He,4.003,100.73221268235434,retenção plausível
venus_hot,earth_effective_temperature,Earth-like,298.96727540650375,25.817275406503768,11.184982503114451,CH4,16.04,403.63344777041306,retenção plausível
venus_hot,earth_effective_temperature,Earth-like,298.96727540650375,25.817275406503768,11.184982503114451,NH3,17.03,428.5459860056194,retenção plausível
venus_hot,earth_effective_temperature,Earth-like,298.96727540650375,25.817275406503768,11.184982503114451,H2O,18.015,453.3327033406479,retenção plausível
venus_hot,earth_effective_temperature,Earth-like,298.96727540650375,25.817275406503768,11.184982503114451,N2,28.014,704.9493395162314,retenção plausível
venus_hot,earth_effective_temperature,Earth-like,298.96727540650375,25.817275406503768,11.184982503114451,CO,28.01,704.8486827960892,retenção plausível
venus_hot,earth_effective_temperature,Earth-like,298.96727540650375,25.817275406503768,11.184982503114451,O2,31.998,805.20343277791,retenção plausível
venus_hot,earth_effective_temperature,Earth-like,298.96727540650375,25.817275406503768,11.184982503114451,H2S,34.08,857.5952556119498,retenção plausível
venus_hot,earth_effective_temperature,Earth-like,298.96727540650375,25.817275406503768,11.184982503114451,CO2,44.01,1107.4755633650798,retenção plausível
venus_hot,earth_effective_temperature,Earth-like,298.96727540650375,25.817275406503768,11.184982503114451,SO2,64.07,1612.2690148784516,retenção plausível
venus_hot,earth_surface_greenhouse_effective,Earth-like,338.2915849824837,65.14158498248372,11.184982503114451,H2,2.016,44.83382271662423,retenção plausível
venus_hot,earth_surface_greenhouse_effective,Earth-like,338.2915849824837,65.14158498248372,11.184982503114451,He,4.003,89.02271445170973,retenção plausível
venus_hot,earth_surface_greenhouse_effective,Earth-like,338.2915849824837,65.14158498248372,11.184982503114451,CH4,16.04,356.71354978901417,retenção plausível
venus_hot,earth_surface_greenhouse_effective,Earth-like,338.2915849824837,65.14158498248372,11.184982503114451,NH3,17.03,378.73015915878506,retenção plausível
venus_hot,earth_surface_greenhouse_effective,Earth-like,338.2915849824837,65.14158498248372,11.184982503114451,H2O,18.015,400.6355735317389,retenção plausível
venus_hot,earth_surface_greenhouse_effective,Earth-like,338.2915849824837,65.14158498248372,11.184982503114451,N2,28.014,623.0033281664242,retenção plausível
venus_hot,earth_surface_greenhouse_effective,Earth-like,338.2915849824837,65.14158498248372,11.184982503114451,CO,28.01,622.9143721689707,retenção plausível
venus_hot,earth_surface_greenhouse_effective,Earth-like,338.2915849824837,65.14158498248372,11.184982503114451,O2,31.998,711.6035016302292,retenção plausível
venus_hot,earth_surface_greenhouse_effective,Earth-like,338.2915849824837,65.14158498248372,11.184982503114451,H2S,34.08,757.905098304838,retenção plausível
venus_hot,earth_surface_greenhouse_effective,Earth-like,338.2915849824837,65.14158498248372,11.184982503114451,CO2,44.01,978.7383619834486,retenção plausível
venus_hot,earth_surface_greenhouse_effective,Earth-like,338.2915849824837,65.14158498248372,11.184982503114451,SO2,64.07,1424.8526892133502,retenção plausível
venus_hot,mars_like_radiative_case,Mars-like,308.75798677436813,35.60798677436816,5.027887186236593,H2,2.016,9.926112557580664,improvável reter
venus_hot,mars_like_radiative_case,Mars-like,308.75798677436813,35.60798677436816,5.027887186236593,He,4.003,19.709438773807243,retenção frágil
venus_hot,mars_like_radiative_case,Mars-like,308.75798677436813,35.60798677436816,5.027887186236593,CH4,16.04,78.97561776963978,retenção plausível
venus_hot,mars_like_radiative_case,Mars-like,308.75798677436813,35.60798677436816,5.027887186236593,NH3,17.03,83.85004804345174,retenção plausível
venus_hot,mars_like_radiative_case,Mars-like,308.75798677436813,35.60798677436816,5.027887186236593,H2O,18.015,88.69985998254745,retenção plausível
venus_hot,mars_like_radiative_case,Mars-like,308.75798677436813,35.60798677436816,5.027887186236593,N2,28.014,137.93160574804796,retenção plausível
venus_hot,mars_like_radiative_case,Mars-like,308.75798677436813,35.60798677436816,5.027887186236593,CO,28.01,137.911911080275,retenção plausível
venus_hot,mars_like_radiative_case,Mars-like,308.75798677436813,35.60798677436816,5.027887186236593,O2,31.998,157.54749484993357,retenção plausível
venus_hot,mars_like_radiative_case,Mars-like,308.75798677436813,35.60798677436816,5.027887186236593,H2S,34.08,167.79856942576833,retenção plausível
venus_hot,mars_like_radiative_case,Mars-like,308.75798677436813,35.60798677436816,5.027887186236593,CO2,44.01,216.690582172185,retenção plausível
venus_hot,mars_like_radiative_case,Mars-like,308.75798677436813,35.60798677436816,5.027887186236593,SO2,64.07,315.4593410536672,retenção plausível
venus_hot,venus_greenhouse_effective,Venus-like,681.781801277912,408.631801277912,10.360937957550536,H2,2.016,19.088820258623617,retenção frágil
venus_hot,venus_greenhouse_effective,Venus-like,681.781801277912,408.631801277912,10.360937957550536,He,4.003,37.90304935281267,retenção plausível
venus_hot,venus_greenhouse_effective,Venus-like,681.781801277912,408.631801277912,10.360937957550536,CH4,16.04,151.87731991484264,retenção plausível
venus_hot,venus_greenhouse_effective,Venus-like,681.781801277912,408.631801277912,10.360937957550536,NH3,17.03,161.2512941489882,retenção plausível
venus_hot,venus_greenhouse_effective,Venus-like,681.781801277912,408.631801277912,10.360937957550536,H2O,18.015,170.57792507892088,retenção plausível
venus_hot,venus_greenhouse_effective,Venus-like,681.781801277912,408.631801277912,10.360937957550536,N2,28.014,265.2550648437907,retenção plausível
venus_hot,venus_greenhouse_effective,Venus-like,681.781801277912,408.631801277912,10.360937957550536,CO,28.01,265.2171902004204,retenção plausível
venus_hot,venus_greenhouse_effective,Venus-like,681.781801277912,408.631801277912,10.360937957550536,O2,31.998,302.97820964059446,retenção plausível
venus_hot,venus_greenhouse_effective,Venus-like,681.781801277912,408.631801277912,10.360937957550536,H2S,34.08,322.69196151482777,retenção plausível
venus_hot,venus_greenhouse_effective,Venus-like,681.781801277912,408.631801277912,10.360937957550536,CO2,44.01,416.7157636815602,retenção plausível
venus_hot,venus_greenhouse_effective,Venus-like,681.781801277912,408.631801277912,10.360937957550536,SO2,64.07,606.6571001835392,retenção plausível
